"Domain","Function","Process_Id","Thread_Id","Correlation_Id","Start_Timestamp","End_Timestamp"
"HIP_RUNTIME_API_EXT","hipMalloc",120864,120864,1,187116935516751,187117036132411
"HIP_RUNTIME_API_EXT","hipMalloc",120864,120864,2,187117036151780,187117036181444
"HIP_RUNTIME_API_EXT","hipMemcpy",120864,120864,3,187117036191169,187118019621335
"HIP_RUNTIME_API_EXT","hipLaunchKernel",120864,120864,4,187118019655617,187118020355787
"HIP_RUNTIME_API_EXT","hipDeviceSynchronize",120864,120864,5,187118020368466,187118020395707
"HIP_RUNTIME_API_EXT","hipLaunchKernel",120864,120864,6,187118020399252,187118020413824
"HIP_RUNTIME_API_EXT","hipLaunchKernel",120864,120864,7,187118020415857,187118020427464
"HIP_RUNTIME_API_EXT","hipLaunchKernel",120864,120864,8,187118020429667,187118020440453
"HIP_RUNTIME_API_EXT","hipLaunchKernel",120864,120864,9,187118020442637,187118020453573
"HIP_RUNTIME_API_EXT","hipLaunchKernel",120864,120864,10,187118020455696,187118020465701
"HIP_RUNTIME_API_EXT","hipLaunchKernel",120864,120864,11,187118020467664,187118020477699
"HIP_RUNTIME_API_EXT","hipLaunchKernel",120864,120864,12,187118020479281,187118020489577
"HIP_RUNTIME_API_EXT","hipLaunchKernel",120864,120864,13,187118020491329,187118020501795
"HIP_RUNTIME_API_EXT","hipLaunchKernel",120864,120864,14,187118020503608,187118020516750
"HIP_RUNTIME_API_EXT","hipLaunchKernel",120864,120864,15,187118020518910,187118020531509
"HIP_RUNTIME_API_EXT","hipLaunchKernel",120864,120864,16,187118020534063,187118020544458
"HIP_RUNTIME_API_EXT","hipLaunchKernel",120864,120864,17,187118020546772,187118020556627
"HIP_RUNTIME_API_EXT","hipLaunchKernel",120864,120864,18,187118020558850,187118020570257
"HIP_RUNTIME_API_EXT","hipLaunchKernel",120864,120864,19,187118020572490,187118020582876
"HIP_RUNTIME_API_EXT","hipLaunchKernel",120864,120864,20,187118020587032,187118020598659
"HIP_RUNTIME_API_EXT","hipLaunchKernel",120864,120864,21,187118020600742,187118020611268
"HIP_RUNTIME_API_EXT","hipLaunchKernel",120864,120864,22,187118020612760,187118020625780
"HIP_RUNTIME_API_EXT","hipLaunchKernel",120864,120864,23,187118020628023,187118020641242
"HIP_RUNTIME_API_EXT","hipLaunchKernel",120864,120864,24,187118020642924,187118020650295
"HIP_RUNTIME_API_EXT","hipLaunchKernel",120864,120864,25,187118020656565,187118020670445
"HIP_RUNTIME_API_EXT","hipLaunchKernel",120864,120864,26,187118020672659,187118020685670
"HIP_RUNTIME_API_EXT","hipLaunchKernel",120864,120864,27,187118020687441,187118020698587
"HIP_RUNTIME_API_EXT","hipLaunchKernel",120864,120864,28,187118020701041,187118020716546
"HIP_RUNTIME_API_EXT","hipLaunchKernel",120864,120864,29,187118020718076,187118020725580
"HIP_RUNTIME_API_EXT","hipLaunchKernel",120864,120864,30,187118020727180,187118020738246
"HIP_RUNTIME_API_EXT","hipLaunchKernel",120864,120864,31,187118020740430,187118020752287
"HIP_RUNTIME_API_EXT","hipLaunchKernel",120864,120864,32,187118020754480,187118020765287
"HIP_RUNTIME_API_EXT","hipLaunchKernel",120864,120864,33,187118020767149,187118020777845
"HIP_RUNTIME_API_EXT","hipLaunchKernel",120864,120864,34,187118020779588,187118020789843
"HIP_RUNTIME_API_EXT","hipLaunchKernel",120864,120864,35,187118020791416,187118020801851
"HIP_RUNTIME_API_EXT","hipLaunchKernel",120864,120864,36,187118020807419,187118020820930
"HIP_RUNTIME_API_EXT","hipLaunchKernel",120864,120864,37,187118020822862,187118020832567
"HIP_RUNTIME_API_EXT","hipLaunchKernel",120864,120864,38,187118020834530,187118020845346
"HIP_RUNTIME_API_EXT","hipLaunchKernel",120864,120864,39,187118020847109,187118020857364
"HIP_RUNTIME_API_EXT","hipLaunchKernel",120864,120864,40,187118020859126,187118020870684
"HIP_RUNTIME_API_EXT","hipLaunchKernel",120864,120864,41,187118020872456,187118020883022
"HIP_RUNTIME_API_EXT","hipLaunchKernel",120864,120864,42,187118020885295,187118020896843
"HIP_RUNTIME_API_EXT","hipLaunchKernel",120864,120864,43,187118020898756,187118020910235
"HIP_RUNTIME_API_EXT","hipLaunchKernel",120864,120864,44,187118020914850,187118020924975
"HIP_RUNTIME_API_EXT","hipLaunchKernel",120864,120864,45,187118020926787,187118020938675
"HIP_RUNTIME_API_EXT","hipLaunchKernel",120864,120864,46,187118020940818,187118020950726
"HIP_RUNTIME_API_EXT","hipLaunchKernel",120864,120864,47,187118020952128,187118020962010
"HIP_RUNTIME_API_EXT","hipLaunchKernel",120864,120864,48,187118020966566,187118020977282
"HIP_RUNTIME_API_EXT","hipLaunchKernel",120864,120864,49,187118020979435,187118020989460
"HIP_RUNTIME_API_EXT","hipLaunchKernel",120864,120864,50,187118020991916,187118021029872
"HIP_RUNTIME_API_EXT","hipLaunchKernel",120864,120864,51,187118021034006,187118021047666
"HIP_RUNTIME_API_EXT","hipLaunchKernel",120864,120864,52,187118021051282,187118021061357
"HIP_RUNTIME_API_EXT","hipLaunchKernel",120864,120864,53,187118021063971,187118021075919
"HIP_RUNTIME_API_EXT","hipLaunchKernel",120864,120864,54,187118021078102,187118021087957
"HIP_RUNTIME_API_EXT","hipLaunchKernel",120864,120864,55,187118021089549,187118021100075
"HIP_RUNTIME_API_EXT","hipDeviceSynchronize",120864,120864,56,187118021101827,187118021120024
"HIP_RUNTIME_API_EXT","hipMemcpy",120864,120864,57,187118021124110,187118121105167
"HIP_RUNTIME_API_EXT","hipFree",120864,120864,58,187118121161471,187118121482048
"HIP_RUNTIME_API_EXT","hipFree",120864,120864,59,187118121486194,187118121735775
